"path","sha256"
".gitignore","EADB8F3E1D3482B2266BD359C02360037D8C7F66B8CCBAA79D1DA252C70EE49E"
"benchmarks/consumer_v2/cjpeg/algo.h","EBE96B781356CC513E2209FFDA407E56EE3BC7A88BE1644C07E6BF1B96F1E4A4"
"benchmarks/consumer_v2/cjpeg/alloc.h","03BD9944AE3C377740A9C6D18FE6EFB5E3E5967B5393FC77FB7B2EB87A952362"
"benchmarks/consumer_v2/cjpeg/bm_lib.c","7190A045FF3F0172757FC1C6E733FB0A32EC452586D03C8B6D429BECAE0DE56B"
"benchmarks/consumer_v2/cjpeg/bm_lib.h","CE2732CCA4E0E529DA36848A2919E270EC06BA6E59109CA83905DE52E7CEAEC5"
"benchmarks/consumer_v2/cjpeg/bmark_lite.c","57B8436B5DFBDF8DAC8E07208EF03F302952FD9DD9206AAD9EE9FC2FF3BE4251"
"benchmarks/consumer_v2/cjpeg/cderror.h","77BE77D039DD57241EA7BB4F53BA13CBD5231A28011255EE43AD1A0288988F82"
"benchmarks/consumer_v2/cjpeg/cdjpeg.c","0D8B745FD4E123D0B126BCFB89B801A4C1E621708F82DD5A0D07A4C3DE1A9E51"
"benchmarks/consumer_v2/cjpeg/cdjpeg.h","3D1E883E2CD88B61EC432A411AA4D1FC1D71676302F31D523C412EC28DF32F9F"
"benchmarks/consumer_v2/cjpeg/cjpeg.c","313B09E1F160DEF8D430EEEE0DF683927ACE666B56E20206F0580B2404B5A60C"
"benchmarks/consumer_v2/cjpeg/data/DavidAndDogs_bmp.c","856A24E9909EE09B3BAF49876A2709DF7821A1CA56C67E413C5DF7C010143E7B"
"benchmarks/consumer_v2/cjpeg/data/DavidAndDogs_bmp.h","F4C614F7570BA10AAB18EAA26973C9CBFB37959F46D36E2BCDAB4680797D4CED"
"benchmarks/consumer_v2/cjpeg/data/door_bmp.c","C9224DF907F376B6BB9D75BA986FA25BE467A0C98F39FF81AF1F246BA21EA9D3"
"benchmarks/consumer_v2/cjpeg/data/door_bmp.h","6BAE254862E397ED260016E623D44A4AC780C8264267A9E89D4233C66D9AACAD"
"benchmarks/consumer_v2/cjpeg/data/DragonFly_bmp.c","2D2CFD0BF9686B3254B3F63571A01ABEFB010AD5E85E22A063D94149A87EE9D4"
"benchmarks/consumer_v2/cjpeg/data/DragonFly_bmp.h","F087A23C582E44BBD79A3EA0D18A916A8E0BEECF153916E8C64F26519136F9D2"
"benchmarks/consumer_v2/cjpeg/data/EEMBCGroupShotMiami_bmp.c","C9BFE94972915B5C0FE988526EF35E051638BF072ECFAAEA5486C673823BCE8C"
"benchmarks/consumer_v2/cjpeg/data/EEMBCGroupShotMiami_bmp.h","5370DE2637240DCCF824A10C1255214921BFF514FFF030606F492E3869D9B8B2"
"benchmarks/consumer_v2/cjpeg/data/eye_bmp.c","3796AC69A8877C5D9A370715F52BE7257E311B85CEB0EE7B2720DEEB0D2A69F6"
"benchmarks/consumer_v2/cjpeg/data/eye_bmp.h","B620CCE5D04D20BDE07F155BCA8660DF6F4BCA887088055C34947DC6984DD617"
"benchmarks/consumer_v2/cjpeg/data/Galileo_bmp.c","F9C1BB04823ABDF795142F7BB386B36C410CD5D83DDE162387014A4C087E1B8D"
"benchmarks/consumer_v2/cjpeg/data/Galileo_bmp.h","70B8A4D465DA2813A809F989E16CFCEBEF2136119CA29451A9B0422C9C5DB8FB"
"benchmarks/consumer_v2/cjpeg/data/goose_bmp.c","7D4C207DD192422A7D8FDA7F35DEB92EEB01AA5442C1AA67B6CCF4F4B65070C1"
"benchmarks/consumer_v2/cjpeg/data/goose_bmp.h","9C3F249E749746ECB268A97F2D882F454CA89F7488159E2D55203AE0519D8B5E"
"benchmarks/consumer_v2/cjpeg/data/hall_bmp.c","39463CD43BD92D414538B9C7BA239952358BFF990417BDD3A5A5C084CB6DE132"
"benchmarks/consumer_v2/cjpeg/data/hall_bmp.h","9FD2D6627B77457767B1AE60DC5C970AFE71658802D6BA80A7CE7940F491D068"
"benchmarks/consumer_v2/cjpeg/data/Mandrake_bmp.c","9B8923740C1300F835037168E4D3F57B153C01E3638156FF88D735BDD2397412"
"benchmarks/consumer_v2/cjpeg/data/Mandrake_bmp.h","9F1C93D207A1EA4246EF40462B0C42772341369256A7426BA8E6D2A77681DEA3"
"benchmarks/consumer_v2/cjpeg/data/MarsFormerLakes_bmp.c","5386827CC269061F07FAD255C4AB1619A0AF35122D883C46705CCF72D6F00F94"
"benchmarks/consumer_v2/cjpeg/data/MarsFormerLakes_bmp.h","A53D32F086634391627A20D0922F8CCFCE857C168FA521DF8A3D8EBD617CBC81"
"benchmarks/consumer_v2/cjpeg/data/regen.sh","8B39232302B1DB0E4B50C4CC291FCE48CF06088498A86544FF782A9425DC4AB4"
"benchmarks/consumer_v2/cjpeg/data/Rose256_bmp.c","4CC2D1504782F13D40F57BD9AB48255E960AD80004BC236DEB965F67D465C1E0"
"benchmarks/consumer_v2/cjpeg/data/Rose256_bmp.h","A009790940C8F2210C069B122FD25AE677D3F37833F3218A197276E7B879D407"
"benchmarks/consumer_v2/cjpeg/data/window_bmp.c","F41820637C5DEE24B02EF9A7EFEE15BEBF6DEF22A0B0B5CD149E231469A0AD54"
"benchmarks/consumer_v2/cjpeg/data/window_bmp.h","1AFC234993A71FAFC79FE378D333C19C8AC317D0BC66FBD575BF642667FDEC3E"
"benchmarks/consumer_v2/cjpeg/datasheet.txt","6F8F949E948A3B53C3C6E40B3427EE669E8E91EC5255C2D2F3164AC8029C395A"
"benchmarks/consumer_v2/cjpeg/filedata.c","BE1D23FDD200BC83206CDF26EDF4E2E38BEB449CC9922ED39A9318B480554B4E"
"benchmarks/consumer_v2/cjpeg/jcapimin.c","139B48C5E5AFC518EB9B11B19F1B4C89DB7BE01F42EC12FEC7393621429E0EE5"
"benchmarks/consumer_v2/cjpeg/jcapistd.c","1702371F3F88883899143F877E5B98DD1251F83A8D4A4C08604FC6E422CDD410"
"benchmarks/consumer_v2/cjpeg/jccoefct.c","88ED57B7F02A4F079103EA9E5DA39F943F170617F3B80459C02AB0B7517FC921"
"benchmarks/consumer_v2/cjpeg/jccolor.c","74B23B47484F067A2B34364CCF9E58F016DCA803CB914418D867989B39660D70"
"benchmarks/consumer_v2/cjpeg/jcdctmgr.c","7B10E6BD28BFDA86BF1FFA8E885541A5FBC900E0522860B032675A94DC2B9CD8"
"benchmarks/consumer_v2/cjpeg/jchuff.c","45C01B03C08B261BB7B256497B1CDFB692AFA474C832F52699B5823D82FEF9E0"
"benchmarks/consumer_v2/cjpeg/jchuff.h","77649FA9BC9BC323611D5BACB9D2A81A9166AAA25AD233BC4B5E893CA3B1E2DB"
"benchmarks/consumer_v2/cjpeg/jcinit.c","CF91F34A187EEA5157E936055869D842B28B019B5580E5853489CF22B7C8CEAF"
"benchmarks/consumer_v2/cjpeg/jcmainct.c","D4A32DDAF18186BC279E53EBEE1A62718E9F2F870174B05553AE3CC24FF0A4CA"
"benchmarks/consumer_v2/cjpeg/jcmarker.c","949D039D633737EEE48BED889DE57974F852ED7E8C45573EB25BABAE33C0AB7B"
"benchmarks/consumer_v2/cjpeg/jcmaster.c","28C2C8F765703C52D2CF3AD9988215F064DAF8FB3A81A3B0AA04146624C9320A"
"benchmarks/consumer_v2/cjpeg/jcomapi.c","92A012C28F7D3DC5AE6C2560C386C24222A45DDA6E3FA1D1774B55B4A360ADC6"
"benchmarks/consumer_v2/cjpeg/jconfig.h","9A5EC1E07ACF769BBA1D275AE8F2698775F114F294991B78C73F9080CDE7C631"
"benchmarks/consumer_v2/cjpeg/jcparam.c","277A69A199E600A452C0590E5512850CD41A0F782F38CD4212044068EBD60EF3"
"benchmarks/consumer_v2/cjpeg/jcprepct.c","75E6B652A4F05B1CA8BD3231A7B3A78F7003869AA9809332DEC57A2F21DCFEE4"
"benchmarks/consumer_v2/cjpeg/jcsample.c","91F1CAB68DD851633156D93481787C12A5D20F26599398ADEAD93AD69B55388D"
"benchmarks/consumer_v2/cjpeg/jdatadst.c","E747DAD0436AAE192E3B94DAF30D57B1DBEF837534EACD72315F0DBACC541888"
"benchmarks/consumer_v2/cjpeg/jdct.h","EC206446430C97CAE26AB16FB921079C6637639D93B4A982996EBB9944E64440"
"benchmarks/consumer_v2/cjpeg/jerror.c","41A68E7CD8A45D3FDAF19492BB9FA728485463270C7A7D9260AEEAF5F59952F5"
"benchmarks/consumer_v2/cjpeg/jerror.h","31E3CDB9F7532333E43AE6DEF4F77F032D2267D73E6A2A411AC14156447B42EE"
"benchmarks/consumer_v2/cjpeg/jfdctint.c","0B3981828CFFEEB5A7F33F93A475435CA735020BF5470BCE002AB19662DB4B14"
"benchmarks/consumer_v2/cjpeg/jinclude.h","64F9B9DBDBE5A911569046EACB350157162BACA589AE44866AA901EC65E44650"
"benchmarks/consumer_v2/cjpeg/jmemansi.c","67857F5BFBFEBCE8BB22AE1292384AD75A7B457830602F96987A3C8FBB3B7E1F"
"benchmarks/consumer_v2/cjpeg/jmemmgr.c","0CBE5CA03E555B65D345FEA4A723E7689875EB858AD2993893283B2CDFD0807B"
"benchmarks/consumer_v2/cjpeg/jmemsys.h","DC76794ACAE60CD0758C637BD00228AC5C19B55C87D84FF80FEB1450332060D1"
"benchmarks/consumer_v2/cjpeg/jmorecfg.h","4B1F1ACAD62A20B524E1DF9FE3C026812708B168759C1B3C2E49E138DBB6383C"
"benchmarks/consumer_v2/cjpeg/jpegint.h","9D888BF66D4CB873A922215A253945E97D98CB3D85C8547355117AC2C0F98F40"
"benchmarks/consumer_v2/cjpeg/jpeglib.h","4C1E205A9BBFF3BBE78A75449384496BAB2497CE3703AC6B701FCC6184BE2BAD"
"benchmarks/consumer_v2/cjpeg/jutils.c","1669011D6FEE01C343F82B6678E3E94D71A438DDD2F4DF12EA30846925D84129"
"benchmarks/consumer_v2/cjpeg/jversion.h","9AC0BC5577BBF80E3EF4EE85BE2D65B82700556B450E9A03A443622B75ECC1A3"
"benchmarks/consumer_v2/cjpeg/Makefile","C6E48E3B9447A5C13B4080C57FEB43AF32345F3070AA95A132A869FE52FA8AE1"
"benchmarks/consumer_v2/cjpeg/preset.mak","F29244DC3A5B5697257F68EAE2592CDBF24C48585536D1A7946BC63D1A680EDC"
"benchmarks/consumer_v2/cjpeg/rdbmp.c","91445FCC808CCE2C48173B62F6B53A489B345E1C5EFD09AD711A29DC4420B2B5"
"benchmarks/consumer_v2/cjpeg/validate.h","45DD151D9CC5E0F03AD1FA0A5A0053230EF85E24D110C4FD5720C745ACA50B78"
"benchmarks/core/core_list_join.c","C5BAF0CBD4456F6F54DEBAFE8E17C126303D06919B40C77B3DD46814A1066A27"
"benchmarks/core/core_matrix.c","87BF4DAA8371F33949A132137344AA6DC2B710BA9EC306EE7159C3FC498471F1"
"benchmarks/core/core_mith.c","43C359EBABB145E6124CC5FE60F72351136F51AE62BE6DDC3B2589B18D4F59FE"
"benchmarks/core/core_mith.h","CCFE2173C18A38413F8577F3A6C78DB15CD739FD1D4BE9574F50CC9C95FE9A2C"
"benchmarks/core/core_portme.c","FE8965F0A716EC7B6449BFE89DD267622A724E858774E537C36431A0D18AD55E"
"benchmarks/core/core_portme.h","B9EE5BEF920BB18312597488B91508C509590DEED7392D02AA5296BA936AA39D"
"benchmarks/core/core_state.c","C417D10343B8E2519DAF60B990D8D2FAE1E06313D3EC16D538374BC1761567C2"
"benchmarks/core/core_util.c","03852B1DE310BB1B3C372964D4B3E7296C5B7665028F35743BE6985DCA26A76B"
"benchmarks/core/coremark.h","56572C097B1CAF270A7C5DDA684EBD4E144E0404728C34478D5D146A91D17D55"
"benchmarks/core/datasheet.txt","AD971BA57CDB3AEFBD85781167D97BDA7738F9AE42D267ECA3203B2DC11F5CC5"
"benchmarks/core/Makefile","9BF65804DCCC737C8494F034F29ADED917B81B815A654D1DEE2C33E44590C2AA"
"benchmarks/darkmark/parser/datasheet.txt","E9D7C217CDBCFBEEC3510FBEB1BCF4E8943F164FA3C0CF38008D85AC6BC88D30"
"benchmarks/darkmark/parser/ezxml.c","262C93971C34635557ED825B985270BA9803B9155E3B22CF915016B0C2F8029C"
"benchmarks/darkmark/parser/ezxml.h","C45AC1AEBA21A7A20A1E3AB6BEEB09223EA4792513F7C769349F293600670450"
"benchmarks/darkmark/parser/Makefile","F3B6A2CCCACC606D5D0E336A6E7501FB2D8AF8CEA9A4D829A7EC6F1A1373B2B5"
"benchmarks/darkmark/parser/parser.c","CD2E3E1BA85BAE5491C307EB6F0E30713662582F7E470BE894640048878E2886"
"benchmarks/darkmark/sha/datasheet.txt","EA32D2B955AB8C5E260E0B126B82FD96914E6A257F7CFC0B7E8B97828614B27B"
"benchmarks/darkmark/sha/Makefile","4F81E85DEC6C1152B3D0429CDF7888F001818DCBA133849B7794D5643844EB25"
"benchmarks/darkmark/sha/sha256.c","D8F046938FD3BE018409A35DD77088BC4A6BDBA14032AD224DE1FFD47A4E1C45"
"benchmarks/darkmark/sha/shabench.c","EA54D93A4FE3F625B1D20B2161744FA20D30BA90CD4711A8A42B00D97F9EBB48"
"benchmarks/darkmark/sha/shabench.h","1F32C9087D9DBA176581E37B4D107710D885F1DF51107A7ADAAFFF12EDC018F8"
"benchmarks/darkmark/zip/datasheet.txt","2E45E7A245072FE86F2E0CCF2A5CAC78ABCF2F888A6952FD9AB6E869BF03D017"
"benchmarks/darkmark/zip/Makefile","527461D3A7ECAD69BEDB167D6EA1BE7892933FD341F3B3CB15CA9A1BDF95AD6F"
"benchmarks/darkmark/zip/zip_darkmark.c","759EB145B128EB668DC986D9C33928F76B37975607AE6D31DC4DF34B33C6EC15"
"benchmarks/darkmark/zip/zlib-1.2.8/adler32.c","B212316043668C85359E6F5326145507DC97453E69E2A38F5835F7E7D35C13F2"
"benchmarks/darkmark/zip/zlib-1.2.8/ChangeLog","1285914A14F28AD77C3EEF8C34D219E49459989502237086A14EC3D6CCA7A760"
"benchmarks/darkmark/zip/zlib-1.2.8/CMakeLists.txt","FF988CBC9CBB5692400B37DF2B80EB25AFA6D6BF0D840A6DFF5673EE7C190718"
"benchmarks/darkmark/zip/zlib-1.2.8/compress.c","26A9645CC386691A95CA4A29E4358F768B2ECC0F14EDD2335BF67508B4215A99"
"benchmarks/darkmark/zip/zlib-1.2.8/configure","94159FF86133515DEE243814D92238192D1F2C36C86FDC1472E0A0A797D1DD2F"
"benchmarks/darkmark/zip/zlib-1.2.8/configure.log","F37CC27F6A57AE1863DBDEB1FDFDBAC7E5B9FA8CCB15EA8FF0DDD3864CB66229"
"benchmarks/darkmark/zip/zlib-1.2.8/crc32.c","3D7B7857237F895C28AE972D80938E0CD27B85DD95B9D56CB48B9C889B9D9B84"
"benchmarks/darkmark/zip/zlib-1.2.8/crc32.h","53C5D0F8A1A4CEC35FEB25043FDDE6716B44FA056459D2AAE285DB23EB05A201"
"benchmarks/darkmark/zip/zlib-1.2.8/deflate.c","CF98B088C50330113B0B713D7E212892858F9CC7A908A3C3B74F2523EBCCD5D7"
"benchmarks/darkmark/zip/zlib-1.2.8/deflate.h","A3E7B03F901D8769050782DAB33B86415509186AC32862709D6BD339E647BA02"
"benchmarks/darkmark/zip/zlib-1.2.8/doc/algorithm.txt","992590931E982C0765286C2D83F6E9FF0A95AABB08E28C30C52BAE3E8C4BD5AD"
"benchmarks/darkmark/zip/zlib-1.2.8/doc/rfc1950.txt","8F0475A5C984657BF26277F73DF9456C9B97F175084F0C1748F1EB1F0B9B10B9"
"benchmarks/darkmark/zip/zlib-1.2.8/doc/rfc1951.txt","5EBF4B5B7FE1C3A0C0AB9AA3AC8C0F3853A7DC484905E76E03B0B0F301350009"
"benchmarks/darkmark/zip/zlib-1.2.8/doc/rfc1952.txt","164EF0897B4CBEC63ABF1B57F069F3599BD0FB7C72C2A4DEE21BD7E03EC9AF67"
"benchmarks/darkmark/zip/zlib-1.2.8/doc/txtvsbin.txt","47C273BB22C9773248D380549A330E5C262266B1292154B0D3014F731CC73F47"
"benchmarks/darkmark/zip/zlib-1.2.8/example.exe","31AF02CF9F96BD5AE9F420E8C4A6451D25C3AFBA90BDD461B31AED9E5D4C641A"
"benchmarks/darkmark/zip/zlib-1.2.8/examples/enough.c","B9360D166877C724F0228A495E44CB1C23DAB6A865FAE6DF8154515CB4BFADB7"
"benchmarks/darkmark/zip/zlib-1.2.8/examples/fitblk.c","DC87B44E323EA4617507E333116DD3A61505B48A023BC00814E49F61ECA61094"
"benchmarks/darkmark/zip/zlib-1.2.8/examples/gun.c","2FA9FA820DB921AE594979BC2195CBACC38AB64F20639680363DECE0477D17FA"
"benchmarks/darkmark/zip/zlib-1.2.8/examples/gzappend.c","4D5C5DAB054EA65025DA9B1476D7964FAF585478EEA3861B4B2DA17DA4D772B7"
"benchmarks/darkmark/zip/zlib-1.2.8/examples/gzjoin.c","4A39A3C932379D7C3888F686CD4431BE4E8C3A97CB2302EA3AEB54DB5CD9B084"
"benchmarks/darkmark/zip/zlib-1.2.8/examples/gzlog.c","332FCEA8E6B4A8E12075511AA7AC9DFF97AD2DC271C073F93ACEA4174AD27C83"
"benchmarks/darkmark/zip/zlib-1.2.8/examples/gzlog.h","96D6BD9CBFDA8230E6D5704A0A83805B1A0733C8FB2D35E0CA0E65AD2F5CBCBC"
"benchmarks/darkmark/zip/zlib-1.2.8/examples/README.examples","402D72EB69C2E03A25034F4B3C02B110F0F67149ECFA4FA0E4B2BF0CEB49A8B3"
"benchmarks/darkmark/zip/zlib-1.2.8/examples/zlib_how.html","80FB647BE8450BD7A07D8495244E1F061DFBDBDB53172CA24E7FFFF8ACE9C72F"
"benchmarks/darkmark/zip/zlib-1.2.8/examples/zpipe.c","924D8F00FDB1F373E5D88ECBB183F70F8370E362D38EF2520A1C0652BF9E4E6F"
"benchmarks/darkmark/zip/zlib-1.2.8/examples/zran.c","435905374921520F1C92697EE28CA8DC78F450A031761594DFE5E571C412BD95"
"benchmarks/darkmark/zip/zlib-1.2.8/FAQ","1E8A0078BE0FF1B60D57561A9E4A8CAD72892318A8831946CBA1ABD30D65521C"
"benchmarks/darkmark/zip/zlib-1.2.8/gzclose.c","6BBF324091EB466C23BE9A06BB7A9D2320D1561F907376982D00B68B21DD8D4A"
"benchmarks/darkmark/zip/zlib-1.2.8/gzguts.h","B49B382F622F193F6F77B80E2470C8B47350B5069DC1175C2CE64DC7BDF9FC81"
"benchmarks/darkmark/zip/zlib-1.2.8/gzlib.c","DF9D01231FC246E72E1334A3F181E0C1688D623D929228A969CAA8178837AEBA"
"benchmarks/darkmark/zip/zlib-1.2.8/gzread.c","6788160CB19FBFED6F00A42554551B28CDAAC94EABF1BC64A255B6AFEBECF03F"
"benchmarks/darkmark/zip/zlib-1.2.8/gzwrite.c","AD59392C437C71C0DA64EA5A988A71B71327ED519A6D1C3C5E88FE16FBD2217B"
"benchmarks/darkmark/zip/zlib-1.2.8/INDEX","3B4E325D47AE66456D43FCF143BA21AB67A02A4F81BE7EF2DA480BA30D774266"
"benchmarks/darkmark/zip/zlib-1.2.8/infback.c","C25795E5F488746E3C1EBD73D6BF966A2FEACC2EC1C1EC8B2F93AB99108EA4C3"
"benchmarks/darkmark/zip/zlib-1.2.8/inffast.c","91C47C2FD41306584831392971A3746D5107F0C6AD360DE22B68737F597EFC23"
"benchmarks/darkmark/zip/zlib-1.2.8/inffast.h","CEDCB22423F92619265631BDA76FFFED81BF0CDCA8D9E1EF500A08B370393A31"
"benchmarks/darkmark/zip/zlib-1.2.8/inffixed.h","0D8FBAFD7846ADB2422A79EDB6E2AFBA81AFC2260C1F35BF5D8E79DC9AAAED90"
"benchmarks/darkmark/zip/zlib-1.2.8/inflate.c","1FFD8C647BAF1884DB56B682A6E74542E8D3F1924B2585261FF24892811DA647"
"benchmarks/darkmark/zip/zlib-1.2.8/inflate.h","89ABCF51120A0F6EDEC8A7454C78D6861D96B59A9305AAA0C600C5A62A7E0A17"
"benchmarks/darkmark/zip/zlib-1.2.8/inftrees.c","9DAEF8915A9B302EE1F67287B41E0638130BABCC1A7C921806845284B6AF88E4"
"benchmarks/darkmark/zip/zlib-1.2.8/inftrees.h","B2E47765D16E59564C50E904076C6715634B1C52191D06E5FA8F1D8139A00758"
"benchmarks/darkmark/zip/zlib-1.2.8/make_vms.com","3064EB153A7684115F1494364F80759BC5A2C227799FDF08DF7B9E6E50884720"
"benchmarks/darkmark/zip/zlib-1.2.8/Makefile","0414F93680FCE6C5D0F56B28DEBDD47F5EE178E83D4043D97899D5918A536598"
"benchmarks/darkmark/zip/zlib-1.2.8/Makefile.in","EDB322CA9EA5055EB1C5FD0B277E152986BB9135A86500039F6DE19A68D6A5F7"
"benchmarks/darkmark/zip/zlib-1.2.8/README","53A466B504371DCDDA1504C90D8121D4823921F03554C3526995FB2BAE7159F9"
"benchmarks/darkmark/zip/zlib-1.2.8/test/example.c","F76F42DB5588310AF69B770633121AFA8250D1900F6CB97F26D75246F26D252A"
"benchmarks/darkmark/zip/zlib-1.2.8/test/infcover.c","5AAB3BB5CA82B14C4A2554D1E7A652FDA221ADBAB2B134EBC31FCC4911442C27"
"benchmarks/darkmark/zip/zlib-1.2.8/test/minigzip.c","6FA41043411847C078EDD1E75E37670312F8F86590D289306597A3BB5CB9CEF1"
"benchmarks/darkmark/zip/zlib-1.2.8/treebuild.xml","6DDCF7CD73F4F9194ADDF7B3C82ACA350C912062EA0C8F0DF13C49C614FD9968"
"benchmarks/darkmark/zip/zlib-1.2.8/trees.c","E9F8E67D1B8E75997D7375BE36F2C7506C6D68CF43939F6B87452E817DC221DC"
"benchmarks/darkmark/zip/zlib-1.2.8/trees.h","591C8DEFBDB3476167E3FA084508F4D9A83F215766BD7734A812849FC8185558"
"benchmarks/darkmark/zip/zlib-1.2.8/uncompr.c","BA7426E9E47188822032676901DF5C575D5EBA104E096634491D7A4D088362CA"
"benchmarks/darkmark/zip/zlib-1.2.8/zconf.h","0953B8EC791F704FB692F138503EBE89EFAFAF42038EE1FC3B3ABFDCA5F44DDB"
"benchmarks/darkmark/zip/zlib-1.2.8/zconf.h.cmakein","49C987659808D77F5250B2F64EE71E57CF32CF4B52955CEA179D7EBD3C578E59"
"benchmarks/darkmark/zip/zlib-1.2.8/zconf.h.in","EC0D0A6E87B749AB5FC3F27C0E8292B7AED139CA0B6121AB27E6EB30E2E9B6BA"
"benchmarks/darkmark/zip/zlib-1.2.8/zlib.3","621D9C7AFA32FAC41B28219C0D38A4A7179FDC05358BD2F7BDF7116D25D0CECD"
"benchmarks/darkmark/zip/zlib-1.2.8/zlib.3.pdf","23F684D8E8EA133F5A4EE443C8DCFCCFB8FED7E120D2735A315835D8C8289822"
"benchmarks/darkmark/zip/zlib-1.2.8/zlib.h","D561C4FE23E17D3F7D628A4601EE6715E876146987EA698E942889700FD094B4"
"benchmarks/darkmark/zip/zlib-1.2.8/zlib.map","2B133E742E41F08CC4E993CEDDBD43EE9D2D1B76DA60C53B8405E1F811274A85"
"benchmarks/darkmark/zip/zlib-1.2.8/zlib.pc","9ED17765A58716BB88D7D1927414016FB19E1CF2A7DD8C9F0541D8F2127DBB9E"
"benchmarks/darkmark/zip/zlib-1.2.8/zlib.pc.cmakein","2F1D0B18CE37C2AF415A469857F02AEE2C41A58877AFF21D29E9C6DB32B55CB7"
"benchmarks/darkmark/zip/zlib-1.2.8/zlib.pc.in","04C01CC2E1A0ED123518B5855F585C93A24526DD88982C414111EA1FC9F07997"
"benchmarks/darkmark/zip/zlib-1.2.8/zutil.c","245E9E12054166038BC4892B5DE1B5D2F239F31ADA99C26E65127FBFD9CA1FA1"
"benchmarks/darkmark/zip/zlib-1.2.8/zutil.h","31281316ED8C9357E3099E5FCCE605F4AF6E18A5325B5CD6E340CDCB38692CC5"
"benchmarks/fp/fft_radix2/datasheet.txt","A34B45B76FBB297B06960EA7C84FE2D5556FB65AFFE4B839F7F6C75DD09A9EEA"
"benchmarks/fp/fft_radix2/fft_radix2.c","877EB0EC6D1E52FED27F807D96A4AEEEB21730DE71D564918828E4D265FA57BD"
"benchmarks/fp/fft_radix2/fft_radix2.h","29E7E3400BD096C9DB359F9A6C6ECCEFDD9AB036CF7C7D3FBD18A0D98023E75C"
"benchmarks/fp/fft_radix2/Makefile","77E33FD272D92D40FABE068BCDF6DB34FC3B80D3E796B24F6D7A1FA8E3CCD6E8"
"benchmarks/fp/fft_radix2/preset.mak","EFCC89AB7C6B10DB8D6E0928661CC41745B48BEA89A17D07B7BF73C2FCBA9EFB"
"benchmarks/fp/fft_radix2/ref-sp/2K.c","909CF7BBAC32A95139E659E850838D7EF6AF1DA8F273040568B4004EA695417C"
"benchmarks/fp/fft_radix2/ref-sp/32K.c","AA37C449E9B293C234289B206159973BE5E26D6AD62713F9FA8755E09A0BBA81"
"benchmarks/fp/fft_radix2/ref-sp/4K.c","944259A4B1907E69AAA44471A5A85C45DC5951454B53E893F5D59CB9678A39A8"
"benchmarks/fp/fft_radix2/ref-sp/data3_big.c","3B92F0C6B92F510D5C18611771D2471125A88CB5B41984104DE356F340D7F7E6"
"benchmarks/fp/fft_radix2/ref-sp/data4_mid.c","118A4ADCC9564FD047F8F4D91175F14BB1F21CC0C24B4D4B2A631EA304332485"
"benchmarks/fp/fft_radix2/ref-sp/data5_small.c","90DBA33243C61F30C23B4261EE962E597A3D84B85941D4C91250F5DD90D3A75B"
"benchmarks/fp/fft_radix2/ref-sp/regen.sh","39B885987F648B5A7823B96D413ECDEA8E5EB1185187D42911C69CEAFF944FF0"
"benchmarks/fp/fft_radix2/ref/2K.c","2DE29E3C9C0368361C3A491BC836952CF19B42BA42E80D4B956F4D3BD2B6A868"
"benchmarks/fp/fft_radix2/ref/32K.c","1C02C80FAE68802F32D7BEE2985370DD79865F701C79009696D90BF48D52139B"
"benchmarks/fp/fft_radix2/ref/4K.c","4EBA5FF56A62AD53E845B729CE18B769C93FFABDD3B2157F961DEC2EAD656BCA"
"benchmarks/fp/fft_radix2/ref/data3_big.c","C977039A66E85C75AF69B8A48E37711267E73D1646D30277C9CE6FA637C850A9"
"benchmarks/fp/fft_radix2/ref/data4_mid.c","96FFDE831F39B931B2A386AD9F6E937533F2C98D4E986B7A34A559360E15EA13"
"benchmarks/fp/fft_radix2/ref/data5_small.c","3A537BE04EA2721CCA8D6390D85302884E7F0944E88C676D5AB76BE5EE03865C"
"benchmarks/fp/fft_radix2/ref/regen.sh","728C4EA5F8373CB1F87833ADB1915D65DEF11B814115CABD808F01A94373025C"
"benchmarks/fp/fft_radix2/SP/.gitignore","E3B0C44298FC1C149AFBF4C8996FB92427AE41E4649B934CA495991B7852B855"
"benchmarks/fp/linpack/datasheet.txt","A207CDDB92ECC2991B570094287A52104AD37C8DFB7B6D8D5D5C4263033FD8BE"
"benchmarks/fp/linpack/linpack.c","02CA735FC054D5EDFB0EE504595EB2CAA8B29B5DF56E9932F744A4DC7647E1A0"
"benchmarks/fp/linpack/linpack.h","21BBA64A742C9C3D8696F123147F64FAABF9E10322EBC601C8906FE56EBF0C75"
"benchmarks/fp/linpack/Makefile","71C0305E0EECD6ACF0C29E55D05348BA0A9BB2002AEC37E5E2C5DC8C6BF16FC8"
"benchmarks/fp/linpack/ref/data_big.c","CE3151C515EA8728D230541CB916E33DC6814ED2C9D49080D5AEE46838FE6754"
"benchmarks/fp/linpack/ref/data_mid.c","C4673CD5DBB2ADCF428D24245BF5AE93F940E7A5A9ED3D27CBBC8DF7606211E9"
"benchmarks/fp/linpack/ref/data_sml.c","2F28F847DCA099C15DDA5AC143A80A21E2BD382CB1CD62D8BA213945BC721D68"
"benchmarks/fp/linpack/ref/inputs_f32.c","316DA4EBDDFBAB2F65C499B5CA12DF1302F1E6E4104315FDA2D275689899087F"
"benchmarks/fp/linpack/ref/inputs_f64.c","45FBEDB85EDC55F7B9210D9E2F86B1EB5C6757F78AC5E1F3AED8CFF0274A5ABB"
"benchmarks/fp/linpack/ref/regen.sh","2E02F251FD726DDE48DBC01EFA3FE6E6B1C8FFAB348468983BA63D7409A04499"
"benchmarks/fp/linpack/ref/single_to_multiple.pl","346F08992280D09945DA640961779DDBDA05D7E061D64863B56B24C81FD23B87"
"benchmarks/fp/linpack/SP/.gitignore","E3B0C44298FC1C149AFBF4C8996FB92427AE41E4649B934CA495991B7852B855"
"benchmarks/fp/loops/datasheet.txt","97B41F41DB96DF1C658BA0725EEB446DA46589472965A8DC4B393B9A9363A4A5"
"benchmarks/fp/loops/loops.c","AAAE99EAA5F3345F85C9D88D80851E53FF1C931A7DC0D291B296D0B1287328B6"
"benchmarks/fp/loops/loops.h","EE5D2B622621651FAD12BE8403444F77719A305942E5D52235C3477E529DBB97"
"benchmarks/fp/loops/Makefile","4C8B60D43C73D3126A21F5F6515814373DEBDFAA871AD2C6B69EDB92FD4B8F63"
"benchmarks/fp/loops/ref-sp/100.c","B72FB2682312D7D3A912BBFABCE7BC4FC32382AC40C36925A99D426299BECCEF"
"benchmarks/fp/loops/ref-sp/100k.c","2BF8F780244B0869ABAA50AB000C4062172BFBCC2845AF7DEBD15A0FD8EE9767"
"benchmarks/fp/loops/ref-sp/100kdot.c","7DA03806B05873F3BCFBDBFEADF04713D84F52F7D2A223A5B5F2682E9F505F9A"
"benchmarks/fp/loops/ref-sp/10k.c","D5787B3C4F9135F35C4A086595932760C281445206115E28D6AEF3ADD47269BA"
"benchmarks/fp/loops/ref-sp/10kdot.c","397C642E7143663F63B5BFBB4AAF52595B60E4084E0C0AAA96FECC817256B43B"
"benchmarks/fp/loops/ref-sp/1k.c","232139EF1D209E3DB054CCF45CBB52285BD3B87EA2C7570E53BE60680381D5CB"
"benchmarks/fp/loops/ref-sp/1kdot.c","E6D0E45CAA53C777580E13F06AFD8EFAA59B39CE5932C5387BBF2AE0B785FBF5"
"benchmarks/fp/loops/ref-sp/32.c","C4A531675B17E0F7ACC8EAD272DCB903DCD3988B297CB0D2989F228957A1011C"
"benchmarks/fp/loops/ref-sp/regen.sh","CEB5AF1171572F2DEF0EA1857EEA65A731603F5240C4654F9BCEF48B451525B4"
"benchmarks/fp/loops/ref/100.c","465E3B84086AF64B977A0AA6A336D350BB8F39E6EA1A55C09656D292CD5FB4AB"
"benchmarks/fp/loops/ref/100k.c","20B71D2E45C165CEE05800566DEE03281F66654C134459204865E535372BF6D3"
"benchmarks/fp/loops/ref/100kdot.c","E7AA3CACB246900FAB7AC541C307094C66226628EC22BC0204739A70CEBDDCD5"
"benchmarks/fp/loops/ref/10k.c","F49A0F82AA00E2FDCFEF78B859B8DEDDD4B37B4D159FE09C037B45E206196F1D"
"benchmarks/fp/loops/ref/10kdot.c","8871F281DDD978A7897CCDAA9B0138172301EBF68C1981EBD7A8D61A41BE5EDA"
"benchmarks/fp/loops/ref/1k.c","56A6343888D5524C468BC5E4A8C07E5D408A8B139CBDF2578628908F0E36387B"
"benchmarks/fp/loops/ref/1kdot.c","F7A7839C92484A7AB1175B0EAB7B8571E289CC942D7E696F39BDA6E51550A546"
"benchmarks/fp/loops/ref/32.c","BEA7414D4417B506A915DECB04F8D5E8E42C4765247CC2C6B178EB5EC477731E"
"benchmarks/fp/loops/ref/regen.sh","B20647B09116279ACAF698E55B8DCA8B970394A396E435A1FDF7FEA9C9CCD2F6"
"benchmarks/fp/loops/SP/.gitignore","E3B0C44298FC1C149AFBF4C8996FB92427AE41E4649B934CA495991B7852B855"
"benchmarks/fp/nnet/datasheet.txt","C3DDB688AFA648DF328A6CD47BEAE3AC8CB9A23D1AFF97E70E99DA1C40891168"
"benchmarks/fp/nnet/Makefile","12566F293996FAB67965A8A81435789484876C12B377F16091B90581EBFAFA3D"
"benchmarks/fp/nnet/nnet.c","1B000EDAED57358E032098C0BA089954DE29762C43E0A2ADFB88399E4B246C74"
"benchmarks/fp/nnet/nnet.h","5E9ED546986998963A29D3B76FEB715C5F848D93C44ABEADA238A70F653622B4"
"benchmarks/fp/nnet/ref-sp/1letter.c","9DDCD0D2DA37A635F5B90D2229FE8A104F601A7FD8AA92D935E6BEDF4A3C6DD3"
"benchmarks/fp/nnet/ref-sp/letters.c","97489534E7146E9D69EBDCAB52A9ED50809BB312ADDA7234FEF3524B20B291D8"
"benchmarks/fp/nnet/ref/1letter.c","669AF05C4BEEDBEF8F99E613E8CAEBACF98437A4CE3FE73AF49AE2296B97AA4C"
"benchmarks/fp/nnet/ref/letters.c","8BD6DCF922A55D90DE05DFB2435B7379D7EA1E9FDFA96839C1F9A9E80ECF2ED7"
"benchmarks/fp/nnet/SP/.gitignore","E3B0C44298FC1C149AFBF4C8996FB92427AE41E4649B934CA495991B7852B855"
"benchmarks/fp/preset/fake_0.c","FC4F1E447DEE1D78A7D0FF7284F8B29B6E9852DF635C941B1406ACCB2CFD3388"
"benchmarks/fp/preset/fake_1.c","F7D3BED19402130F06CE262DE7E64C81C1CD0423DDA94242F56AF9D7A9CB45D7"
"benchmarks/fp/preset/fake_2.c","D68F25042A957CFFAB36E39C7995685AFCA9CE86CDE208E5ABABDEA19E0C6D96"
"benchmarks/fp/preset/fake_3.c","9DF47B722FFD8461BF787201F9873807BCC2533B69D80791CA14D906A135B40D"
"benchmarks/fp/preset/fake_4.c","E17BE42839C777C54C58673E02F4F712083AB60598E6BEAE0C7EA67C51F96B89"
"benchmarks/fp/preset/fake_5.c","FFC52202A764737E4CFDF2B4C3E5DC743DF1885345EFF60DBB3473FCD5B9C375"
"benchmarks/fp/preset/fake_6.c","5F8D211E10FA923158A6C6DD700DA7B8FEFCD24924DEF158451E9872681F28BC"
"benchmarks/fp/preset/Makefile","FABE77FE9AFC038971E9C490478D12DA67EF5ECD278E558F452FDA0FF0FE5727"
"benchmarks/fp/preset/SP/.gitignore","E3B0C44298FC1C149AFBF4C8996FB92427AE41E4649B934CA495991B7852B855"
"benchmarks/libbmp/Rose256.bmp","F266B4F308755E2FDA09A8ED13D20B8EE32406057F66EBC3B5A5C49F9BCDE883"
"benchmarks/libjpeg/Rose256.jpg","7A072A5E0C2CE232887DC22B7EF4C1371C351AD3FDBC20AE2D85537EE47969B8"
"coremarkpro.md5","B211410715C65E1551843154D754929615CEC2ADBCF8FFE7C40D3B134163655F"
"docs/Application Note CMP01-Porting CoreMark-PRO to Bare-Metal.pdf","DC7CFDD0464D1DAF13A6B6ED8C5A310E623E5BD2AE165A7B27188A8B6A19C79B"
"docs/EEMBC Symmetric Multicore Benchmark User Guide 2.1.4.pdf","73C366FAEB262487464175A0B844B760B4FBD6EB12FF9A1979103E9A61D3EB9A"
"LICENSE.md","0D7775BD793EA71FEF3594C18164A08ED2F5F66C898958D0644F7A236A536F2B"
"Makefile","2881CD032C0CACB7D4720DC8B67127FCF116DA0C321DCDAE0140E1BDA7F6EC80"
"Makefile.mak","7650072837149353EAD8834BC504AA63AB8C68E67D77C5D253F0E517B7E5906E"
"mith/al/fdlibm/configure","C4ED1703C4EBCB53107EB725A7D53F0D3D4DBF99668E03866EFF4A703E41C822"
"mith/al/fdlibm/configure.in","05F9E886C4982B06C3EDAF752508FF9D769B50CC71B41282BED7BAFA6B29E69F"
"mith/al/fdlibm/e_acos.c","BC9FBB24C214030604C0DF4C811370F37D511E0C72580767D8C81BD68B0C3A5A"
"mith/al/fdlibm/e_acosh.c","9B02D8764EE5F9910DD1440063B235F2083080E177F1BEF23F481A6932088A9D"
"mith/al/fdlibm/e_asin.c","41A0A570D18F75BEA2B6A7D4D5C2016326A8124FFA8C7C5404A604439DD416F8"
"mith/al/fdlibm/e_atan2.c","61DBF9EDC927468280CCDE872ECFB7CB1EA7CBAF6E1B28E7021C968ABE5F7C6E"
"mith/al/fdlibm/e_atanh.c","8588DB2D5E1D904454F17DC04A001E7CF528D410E7FFC38EF52E368EF4D1F7EA"
"mith/al/fdlibm/e_cosh.c","381B01B9244180A726BC6282125A31C049A9C12B553EAF758DF7C674E7B6B816"
"mith/al/fdlibm/e_exp.c","04C96195B7CED914D659B5FD204724C182F091AF8631FE42016AD6E27CB302EF"
"mith/al/fdlibm/e_fmod.c","2657DE1A6C8AB69116449769E0C9E7BB4F71DAE3233B35BE65421CBA635F5809"
"mith/al/fdlibm/e_gamma_r.c","18FC4AFC104E222EBA1B2B9B3E5C10DB405DDDE056645D037C8A2C4FC2C907F4"
"mith/al/fdlibm/e_gamma.c","1A175520DC5F0C4845EBD4AD66DDB4C78A06F64DCEF69E17120B79200A01174D"
"mith/al/fdlibm/e_hypot.c","87425ADCAEABFEBCF9F78BA774F4B29D2A158C1F948E2B3129E74B5D6E9CC2FF"
"mith/al/fdlibm/e_j0.c","6AF3068212814704BF52912455EFAF5A769448F78057D49535ACE0B6D556B308"
"mith/al/fdlibm/e_j1.c","241BE73309B9EEC497CF75C44CD241980E2257781CE740E3AC5C231BDBD64A3E"
"mith/al/fdlibm/e_jn.c","9C61448651E2ED06A81557F70AA169AF41A5C69A63357B1C96C3162A1DC949B5"
"mith/al/fdlibm/e_lgamma_r.c","1E5719063CE6A7237E72E207792B5A8FDF3D8A00D8562A54FE594CF267E21A92"
"mith/al/fdlibm/e_lgamma.c","2F5B0888EF0F66796B8F891F333A62D4DCE6D188C2F1BEAB5C86330DFAD59707"
"mith/al/fdlibm/e_log.c","C17611183CACAE2C158EDEF08979683EDFB0EF141CA417EB12C5C45BEF39558E"
"mith/al/fdlibm/e_log10.c","0D636F23E0E70430344CFB003AEBCE3317260E28C716BBFB8C0839117E533EFC"
"mith/al/fdlibm/e_pow.c","763B86BAA63EB3518B43F7F3E44E5ED10992B62650F4A45C3A2EA6015E6D5122"
"mith/al/fdlibm/e_rem_pio2.c","3A08DD4A38F9F9FC9478A33CA05CB81A6566F1010AB14412E97CAE091BEDE16B"
"mith/al/fdlibm/e_remainder.c","CDED9488F26DE10F5FAA6ACFAD4B7FEDF2CCD49C1E747F7B57B0F082E5045293"
"mith/al/fdlibm/e_scalb.c","C8A48EEFFC5707F3F674D2D7DB948041E66D286D83FDBE677FC383F486CC8526"
"mith/al/fdlibm/e_sinh.c","9F6A04F80045A5C0A6D134FDB56D89E65E2A862CDC03FEF40505194504AB10E8"
"mith/al/fdlibm/e_sqrt.c","2A6E784D1089EB6351DF7E59037DE4240D11A5C61967611732F81AD96FE869CE"
"mith/al/fdlibm/fdlibm.h","586AAD41CD378932884A070A692ECF1A28DE9848E2C50B341806E7338753D05C"
"mith/al/fdlibm/fdlibm.h.original","64113C472C2676499288BC35A821B0867916552930BC52C7445D2C50DDDF0E71"
"mith/al/fdlibm/k_cos.c","58B39C207577A15A5AC21D680CE5580E13CAD99BD7549D986B31703D2BF821FB"
"mith/al/fdlibm/k_rem_pio2.c","5796209EA3FE1AF88E22BADEAED0F6A6AA923914E097E227C410527CB5815740"
"mith/al/fdlibm/k_sin.c","75D391F3C124806CE14893CD038AE5DD10663E40430FFA174D5FDDCB33012167"
"mith/al/fdlibm/k_standard.c","238D3C33A8F55503D8EEFF4E7FA9F3E4C77293FE16DA7E5A4848056A6772A385"
"mith/al/fdlibm/k_tan.c","9DFD4C84F7930DA3184A6C425CE7901979C84088CF231C33A7EDEFC3E0F487C0"
"mith/al/fdlibm/Makefile.in","FF0557C4D4CEB0D8C0AFB97E97C28FD659B3B2622A4F8E45792DFDA6A39D31FC"
"mith/al/fdlibm/Makefile.in.original","BCE347114852211DA445E8DC4CA504429E2C14262500BA44BFC0780E4394F05B"
"mith/al/fdlibm/Makefile.original","44A554B11ABA0B467A54F2A96E0F4914D2C28EA61A305F8FBC5A2A7DFC9FCF47"
"mith/al/fdlibm/README","C6F96D4EEA94D45A47D5852AC96D3EC55FC1A04CFF25D909C4264C7A8C5C11B9"
"mith/al/fdlibm/s_asinh.c","CC132BC1E6AA37453ADFAECD7D13600356F6A4D34D68301F8E3381E1EFCF51F3"
"mith/al/fdlibm/s_atan.c","8583C253AED6318DEE2A48135E3F3B1328D838A390372A69414AC41EB5CE5CE1"
"mith/al/fdlibm/s_cbrt.c","7CE1C7299E60B9B998393312B140FA8738D13F11D89B88DD47D5C2DF81EADFBB"
"mith/al/fdlibm/s_ceil.c","ED3AAA90EB797545F166F70FFB1992F03785D739421F233D46C331A0E1B47ECC"
"mith/al/fdlibm/s_copysign.c","459C18858C944A4E7062D38AB4DFB596EDBE76706D24029C2DAC766DCD2BE3FD"
"mith/al/fdlibm/s_cos.c","BDCBEA3C83B2D4AA521B9A5341F3E58B8CB9C8D326FCC4ABB715F3704CF17799"
"mith/al/fdlibm/s_erf.c","C98B9E7C91CA997A8D34B66CAA010FA413A117FE1312BDB4DF8047A54A6C3A87"
"mith/al/fdlibm/s_expm1.c","7B1DAEE13811866CAEE47E2F9B9B2DECCDDE3DEBD646D14DB54B11A7938C9DC7"
"mith/al/fdlibm/s_fabs.c","C6389F3E0472EC0157D648B3E4E80B405038ACFAF3E85B961363EA483E3259F1"
"mith/al/fdlibm/s_finite.c","3EBA2A85E40C0461999A2A4914EED31832326691D6F48E4047235E472830382B"
"mith/al/fdlibm/s_floor.c","FBE8779A58D46879222BA6B390931B13118037C5123B8E89A73CF0231F643B4A"
"mith/al/fdlibm/s_frexp.c","15CBF56D1812EBD9F19C4F12FE03EBD235D5BC1CE55725242B42C5963CC501DF"
"mith/al/fdlibm/s_ilogb.c","A60C05FE7CC7B34EC8F81D6ED8FB4C5BA245C29A82B3B51E7FC44C422D802FCD"
"mith/al/fdlibm/s_isnan.c","C558E25B2C89CE0FD21CD416BEA062F60204064FC79348B036C967678FD74785"
"mith/al/fdlibm/s_ldexp.c","FC36CCE7D63910403F0F2CD0F1CFBCFF3AA9BDDC4D6F0CA8AA2068FB0A96B07A"
"mith/al/fdlibm/s_lib_version.c","4C17D31A55B6C2FE87FE33549362B3C62A4FEE1460FEB8F4738AA30D506FDE33"
"mith/al/fdlibm/s_log1p.c","A9002D059408226D40FEAA517DC7B2359BA8491BC5C22C6335341DD9632310C6"
"mith/al/fdlibm/s_logb.c","EFE4C653ADB84DA46B815DE7FB6B55034BF85E3B8AE327674ABAF3C4BB5B6331"
"mith/al/fdlibm/s_matherr.c","21D3255325A94D58868726E7D1F0B4AE36ECBFC122B130684EF4B7753B4000C2"
"mith/al/fdlibm/s_modf.c","846A4C1B3B11DD22B156A2016B8190F4EDE4BEBB3F937273A820B3C16A5702F9"
"mith/al/fdlibm/s_nextafter.c","C9548EA8FD147B015E9EDA9BA7299B1990658D9BE99E00AA258FDC01998E0DCC"
"mith/al/fdlibm/s_rint.c","C17D12EFD8341D4993C107A2721E9E2D017A725161D97B983A73E5BBCD6E66B9"
"mith/al/fdlibm/s_scalbn.c","9AD1BB374FC2951EC086474C82373B45BCCFDECD34D631974DCCF8633F40D99E"
"mith/al/fdlibm/s_signgam.c","C57CC0174C9823B85B1195A0CFC3A62CA8589B31874CC279D977F706C15B1964"
"mith/al/fdlibm/s_significand.c","DEBC3BB03DE1A509F494F1081D4588FA78AA9CA87EFD8EDF112DE11B73388F84"
"mith/al/fdlibm/s_sin.c","4D5EDB75368E4F8E0AC18682D3AE4B6944BA06801637CF0DF6F378D6211F4C81"
"mith/al/fdlibm/s_tan.c","F86CAED50CF19150E0BE229469785CE937D8D9B37046541408BCE146180BA685"
"mith/al/fdlibm/s_tanh.c","FCF39A7E30393AC4CAE5C631C60B4FB4273F4461F3FCE3AF03713A2B1469F286"
"mith/al/fdlibm/w_acos.c","700A2BE21598156E8A49BFA63311C4A165672511F378A0DE6C92271BC8240310"
"mith/al/fdlibm/w_acosh.c","CB0CE2412666C6C8336A050C011F3886A5EB027A1C77933666C5F7D99FE15855"
"mith/al/fdlibm/w_asin.c","EB1C29DCF88F83CC718DAE7CCAAE24EC19DB6C5E875A638FE4063765BD92C76D"
"mith/al/fdlibm/w_atan2.c","F27F1ACDBFD9E993F3441E2D253305DA629A8EC51F49F79A2189C606DE3A0117"
"mith/al/fdlibm/w_atanh.c","2DCDF63513B8738285C4DFE66F185C2BC9F432A034DC9F49F664718412F437BE"
"mith/al/fdlibm/w_cosh.c","CBC59978C88774933E28B3C6647606E4916C0D19C5B0CB0C9B8E588AC24CFBB7"
"mith/al/fdlibm/w_exp.c","CC92FFBC8CA55B9705218BE1117805AB271EC05EA323F250797DC1B6A5175232"
"mith/al/fdlibm/w_fmod.c","0C12F07A276A56F4BBC8BD6557D9379F8FF64DF306B7A017257335F1F38E4228"
"mith/al/fdlibm/w_gamma_r.c","50BB1ECEBD29915202AD0AD40F7759EB1DBB699828A6436B4EA14AFD81AAB759"
"mith/al/fdlibm/w_gamma.c","038C2AED2D79605DCCDD465D68CAE4029E361B19C19DF89C05B6486431D12C53"
"mith/al/fdlibm/w_hypot.c","5381AF140B0EC872342C374507615EC5B57221E34D1A4ED44593E387704645B4"
"mith/al/fdlibm/w_j0.c","3ED8EBC81D7DCEC721ECD5E43CEDACA7B73C172AA4710927D67F7326E21CCE8F"
"mith/al/fdlibm/w_j1.c","6A6E49C45D77B025B6BC42C6F7A7E83947C4CD3B3214581BE9A755704E3F9845"
"mith/al/fdlibm/w_jn.c","EE202E7F89C8FBEA939C325078DDC308536765AFC1A638D45E2D07E9A9FD07FB"
"mith/al/fdlibm/w_lgamma_r.c","5088A795825C09BC6AE21A3FEFA207C668185C22F637B77884E1FCD7E8647C7A"
"mith/al/fdlibm/w_lgamma.c","FC30F673AA3FE904DE034E51E3D3A4ED54F3E42490178F787398965CE2183634"
"mith/al/fdlibm/w_log.c","61720384B0399B7DF032D30DD05DEC0D344D12469C9F97CAB04297403DEEE57C"
"mith/al/fdlibm/w_log10.c","19F524B359B5F80918F520B3837570209B8DF77659ED60366BC496F6E8B363EB"
"mith/al/fdlibm/w_pow.c","D5619AC00291EEE8D02A1710462B073C25DDE3679783DCDD2EC2615B78148E62"
"mith/al/fdlibm/w_remainder.c","C519650FE666F8838DB969A622E030F460653A07315BB27AB0461440880F9240"
"mith/al/fdlibm/w_scalb.c","EC1E67F027C559190EA04870CDF90B3E2D2123E4FA5A31B0B718C79A7CEDB37B"
"mith/al/fdlibm/w_sinh.c","E08B99A85945B6C916867D73D46259DF4447D773370CC2E93E143FD5A45F2C8A"
"mith/al/fdlibm/w_sqrt.c","BE9C9416808E510EA08A8D1DE3B746B1B7CAD1E8B433F5F7EC02B6D00C2C72ED"
"mith/al/include/al_file.h","82AFAD01DD413C58F7B3FD1793364AD36889009238485A0E40A950714A431858"
"mith/al/include/al_smp.h","FC82BE62EB3BE850345B518FC611464A23F7EDB507E47F8FC6E7FDFB4B4C8BE6"
"mith/al/include/fp_shape.h","6A53295C22DB3A7B108B99C7C923F89598C7FE4EE5EB4F5C62AEB2D51F29D701"
"mith/al/include/th_al.h","3E17E8A5168E9105F7F39F837F6912F2EE12BEB5F9B73E485FD870896CE1A795"
"mith/al/include/th_cfg.h","995BDC2DFD780F7FEE05319EE33FF78C777A871EC179DA31486DE300DD582FEE"
"mith/al/include/th_types.h","C35C748FC7DAF5CBD979935AE4C9C25648158ACEDE9B0B65E956F629A926E004"
"mith/al/prism/stubs.c","DC4A86E655C8EBB329AA531D793664C9C5FEA87F5F14EA5C023BF8B967385EC7"
"mith/al/soft/386-GCC.h","660284537360160F428CE7103779DF2A4E4E25D798EA456DC894649F622AA050"
"mith/al/soft/milieu.h","BF3CE6E679423E74C9DB4B4572F6DAF8290E584615FDD1214AC66B7A83ABE7D9"
"mith/al/soft/softfloat-for-gcc.c","8C15B33E3FD49227D41ECBC5F5A661648254A433034CBFA521FF52B215F481C0"
"mith/al/soft/softfloat-for-gcc.h","059ED591A7B13143BBDBCE9DC61406241DA2FA4403908C98531091A5920B6F0F"
"mith/al/soft/softfloat-macros","B5A00C2303E36F45D0D56243B7963A5FA3E1CE6915A9F6081EE3E84325F7498C"
"mith/al/soft/softfloat-specialize","A31FE86F2F226018F5665EB790C01A1B9E8BD9D4DD3575C7923DF6DD1CBDEC29"
"mith/al/soft/softfloat.c","AF96A40E6267FC27E9E83A896369D88E68E0E7CFD8F218956A438A7AF389B748"
"mith/al/soft/softfloat.h","20B0546A76DF207C2E171885C00CA88EE4C1BD165D4E511FF2C07990E1C4A2A6"
"mith/al/src/al_file.c","A75894FD002737FF7B7648ACC8490092E342B46CED8390FD7B76782224CE7F23"
"mith/al/src/al_single.c","403B3A908D86A6BCFE90E30284415A92A192CF0E30F862B4FD7F7FAA3B9A8DEA"
"mith/al/src/al_smp.c","99E82D93A4A72E9F39342F796DF639F3A8071AAAC536AB4BFE4F1FFB0D6E1A70"
"mith/al/src/th_al.c","1788DB0CE94E34331790516F364D6AF7DD86DE3F66B68C67DEBADF2DD08F3DE9"
"mith/al/stub/pthread_stub.c","C572C39E547F6DDB52D348368A6216C7773D513A4D35C84C8601834B8081E761"
"mith/al/stub/pthread.h","B6F3206ECC685200EE7CF720D7751C62E1F8E6D75A3AB64A544F4C1FCECF8777"
"mith/al/win32/pthread.h","5748CE42AEE573DFBA581ABE2867B3EE00EC7FDAD2C6172C38A43D1026A4BA95"
"mith/al/win32/pthreadVC2.dll","59F156DCDADCD3FA53FFBD4333EC6D20AD07A38FEE6779D22A65B7852D5EB5EB"
"mith/al/win32/pthreadVC2.lib","D882D2C28E090F569B7E89015F0A8196F2AC5B82D5F6A3DCBFC3DC33BDD5EB81"
"mith/al/win32/pthreadVSE2.dll","0ED2AC3EA5DF014D05504E4C416C735230A910A8AA22F01CBD865137CA58029E"
"mith/al/win32/pthreadVSE2.lib","E04DE109127C1C206857EA4CDC6F709E2E39101389072B6CEFBD124B6BCACB49"
"mith/al/win32/sched.h","F1D5D9AA90B63BFE81EB23B7CBF4AB2F70DA88418B735BAA001136FCE93BD994"
"mith/al/win32/semaphore.h","ABAC90548EEDC9A27E721D50B1053273342EDE34EC939BB327790A6B3D28D64D"
"mith/include/md5.h","D125FD5B59AF0D4BEB58AC7C05C8EA09802262570DDC7264E095815A5A1439B0"
"mith/include/mith_sync.h","679E2D36A201123B557904FD1993784DA32262F8044B8FEAE6BA42891E1DEECC"
"mith/include/mith_workload.h","F2BEE1BAECBCF06E9A483BA799C28749E07287719E3A3B8B9E0ED90E253AA069"
"mith/include/th_encode.h","394F781F4BFEBEDB56E4603173A2291E69C67DD5CAAC1E3E23377CDFE59400EE"
"mith/include/th_file.h","D9BEF6ED5720C59CB3ECCB020A317AE14B00E8A7E957AE5A05892D46AE62DCEE"
"mith/include/th_getopt.h","FB29BA66F20E262460AEC6D8F766EF0FCB097D5DF4CDA686CE4BB1021B8303AD"
"mith/include/th_lib.h","B279E244E1D8FD37C93FA5A1356F05742C65CAB9CEF55282EFA60371A3A31B32"
"mith/include/th_math.h","18EA45DA0BB243B001B1DE584AC1AEA4316D31213CB75BE1427BCB19A1C5E959"
"mith/include/th_rand.h","0D2B246D7C63AE7BFA42BA7268929A86B4F7D592AEE12BA18487210A51C52477"
"mith/include/th_version.h","E13E583EE62D08F8368782FAD9D1A78756C622E95A5CFFC2575F1EE0026E64EC"
"mith/Makefile","189F13303C1692D00B94A653F017177305173BE1FF621103B3DE711B33DFAE37"
"mith/projects/vs8/mith/mith.sln","DA1632E66D59D26EF6402804A5DE0CC2D21A8244E940A680F3A4942D0F0405AF"
"mith/projects/vs8/mith/mith.vcproj","8EA61D90A0736413E8532C55A88AD1A9800C195A1E1986588074A9DCDA5DA38A"
"mith/projects/vs9/mith/mith.vcproj","19EA5220ED2CD68B37AF2FB3F9C6C4612A7405B06D6AAF35202D09DA868C74A2"
"mith/projects/vs9/mith/mith.vcxproj","AD93B90DC46CB5AC62E274BB9EA87EB4DBDE03F4BB272E86353A6B127D0D6D1E"
"mith/src/md5.c","8D45D9C5AB5C2A8AEF511F91EB63E8BC2846CF78F415471A9AAD92B7AFCF385A"
"mith/src/mith_lib.c","16EBB21057849C00F151F040E51E7454A9ACC87FB2FBA4B034A42039A43062EA"
"mith/src/mith_workload.c","26BA1A3A3962CC40392152903D86D140AD643CBD0961B0B6389FFE95196223F9"
"mith/src/th_bignum.c","82C8B917199B50E56D1108F1590CE90350284F1E60DA0B2BD622FF1719807247"
"mith/src/th_encode.c","63E4B5E8B2F14C99A3E5C478DB98B7C6760733E4C3601CB982481B94F97CDF5D"
"mith/src/th_getopt.c","DB21D63A522A181FCBFF8604C0EB84CE152B0DAF9265AE9AC402D0ADC1AA640C"
"mith/src/th_lib.c","5B3F9C099D6418C0DB04769B0C63BF1A7067DFCD6C14439E4CAFF0EF87CA7A71"
"mith/src/th_math.c","84B514508819DBAB11601D10BF125D962D731CBC9E7EA8537EC9F7A7E1BE1085"
"mith/src/th_rand.c","346095A973B2F90CEB555AD945A5D08138285F88DA26A49BF2BCD469F9F8155D"
"README.md","6028CBC2DF059563C9C8A22CC3809ADBD0778173080055495BCEDD340F5B58AF"
"util/make/armcs.mak","8795EAEAEF0DD7E4D3F76633CDF2C03EEE3051BFAC96AA68A868C9B27216E59E"
"util/make/common.mak","667965C434381B24A7E67373395205CCCAEDDC08E10426AD0D56B237A7D36A76"
"util/make/fakeio.mak","EBD107B5F5AF83E44412AE792C53D7419FD24C6960C6DF3A900C25E7080F905B"
"util/make/fdlibm.mak","CB31AAD3C583EA41886539BEEDAE4ECF6E120CFDC6DD24E455C4CA14679952DC"
"util/make/fdlibm64.mak","0CE87AF7B7614E0F1B377A9EDD74701BDA26A7E613AFED5A4AD21C5073A15F50"
"util/make/gcc-cross-linux.mak","4D95059E2980BD0468ACFEF6F53A69C30CFA6AECF254809C5C64C63D19C976FA"
"util/make/gcc.mak","C8842C9D418D58E18A059049F5453F0D0B56564FCF16FF71782D1CCD7B6E33EA"
"util/make/gcc32-x86.mak","12FFA3502F13AA546A69D0ACFC15FCBE878EEF9B06E12B4308E199CD92BC0BFA"
"util/make/gcc64.mak","055DA4F6485AF35B877AA0C7499DB41A9183EF5B5F3DCE3AD3100B10D5C83D51"
"util/make/icc.mak","8BC04266F81DC43A33CB757E7BC8914A329F276663BA81DBFF0ACA86E0784680"
"util/make/linux.mak","B6A16A3D665B3916CC6FD9D4843B106DD2EFE1C0EC74747B4695EF350609E4CC"
"util/make/linux32-x86.mak","F5453F54B908FCD9EA68206DBB3C9FB6E8675D7859102E137C243C8C946CA2E7"
"util/make/linux64.mak","A922D7E3ACEC935AD9CD286A0ADDAA5BE4173EAA0AA15052F4C54B75832633BA"
"util/make/run_target.ttl","CA21216EC6F970AFD8E5FDEE45C7ED6E945507FCC8A8AD8BB5C58BFDAF1BEABD"
"util/make/suite.mak","6899FAC6E4267F611DAE71D8A62F31BF85F141AED943C496B8F37DA38A74FCCA"
"util/misc/armcs.mak","0066D9CB379220C388EADB4D3E3374A21DD9E50CFFECE4BEB2AE780DB022E9AA"
"util/misc/nfs-cross/client.pl","1681D440B7CB16434455D9CC88C5AAB02EA4B78AC6E41DD53956739A2758AA6A"
"util/misc/nfs-cross/linux.mak","1486719B6E4436FDFEDA0419B542D88481BBBEA148DFBFD5536199D4066BC2A3"
"util/misc/nfs-cross/readme.txt","3D677E0DC2CE9F368E18DAC108C7DA5266A0E5B702FE1C9733C0571201FF2EF0"
"util/misc/nfs-cross/run_MITHserver.c","ED8243F3558DC36D17623D7A7A763422753722F337CCDB318623FF2FA5DA03BA"
"util/misc/prism.mak","77423930C080E65F50B9AE4F66A9CBBAF1D7D712493CD87BF7469A76B2911E7B"
"util/perl/cert_mark_old.pl","4D3100E55325BF746429DB3D8E0B4EF15C615392B416FCD47B94FA5F803F0EAD"
"util/perl/cert_mark.pl","C35ADCC460E23DB3FF7D872D4496C1EB030B54B76E69C724CBAFC62E6C965818"
"util/perl/cert_median.pl","DECF993D986A3A72923B30B3953F35988899CF52BF4BD57F212CAB41B6F3D067"
"util/perl/copy_dataset.pl","67897E88622EBD6A1350FC40901514659D2260C367BC288801514FCB6AC0F9AB"
"util/perl/extract_dynamic_size.pl","1F7DD0BC1F3031F42916C441DAE51B61125DA149A54D14B5EE69B5811DDB12B8"
"util/perl/generate_summary.pl","F079C5060012F3A830F42CDB64BC1C923E7BB8C356A6AC5EE22DB6E7BF837DFE"
"util/perl/headings.txt","24933FEBD2939F64D0DBF9FDD519709D06D7A28B9E30A13C3595175DCEA7415C"
"util/perl/itemex.pl","99DEA5CB8865DFE9A9D5944BC07204639986636AD9591CE951F1B0D49FFFA634"
"util/perl/my_defs.transform","9BF87EB67966D150D79CC7CE6D1224C0362CDACC583202BA34DDF9D48D06D4B1"
"util/perl/plot_by_ctxt.pl","9F68ED9FD32D32B9E061B99E3E6C28F9B82F9FE2BE1A0FA19F36BBCD6B389978"
"util/perl/reorder.pl","FC714C5968501369C66481E33E7660726C30B3569E4AEE8577A877620AE2878C"
"util/perl/results_parser.pl","63A3DCF5F6971505DDA6E193DC5E65809EC9D92B807E3AE78E32187D6D147A95"
"util/perl/template-wld.vcproj","6D86EB91A2FC4697AF1A15F41CD30052A16A6E8C5CA53292BCB82EC3FF64A05D"
"util/perl/template-wld9.vcproj","6BB0CDC76A5D7F32D53F48DDF801B99313F69FDC50FAE7BA7B2C27C0688545E0"
"util/perl/template.vcproj","C4CB37AF43D16AA0F828073BF3A0A86D02A3288FBC8CDAE9A0FCDDF45FEDB6A8"
"util/perl/template9.sln","70F23140AC95024B5DB9D571D3A2E70075F18AD2904F7F3619B956B2FDBCC84B"
"util/perl/template9.vcproj","1DD55B0DC8BE3DA8A48A58E3E70D245FF9DA6D8651948599BD22979F1D289398"
"util/perl/template9.vcproj.ETQ.shay.user","0E4EF6B406367C19C8615B6B4A11F285A0C566D793C1082D8362A5AEBDBAF724"
"util/perl/th_transform.pl","CEB4ACB2DC84EE3C5EF9133BF85F1D81B2087B1A34A7C1CB3B2F9C9023F6B507"
"util/perl/tochain.pl","29618A42F1B516CAA427D7E86B289EADF1DD607695021195D9CB1AEF5545F04B"
"util/perl/vc9proj.pl","C6784D57BF3492F69C61C74CD35BA32357E21086189CDF6B0301B145238DE3FE"
"util/perl/vcproj.pl","7F1386E10CB8BB265C718B5490293D7CD2804CBB0ADF57B236809D6A70936385"
"util/shell/dorun.sh","AD120E15EA958810B62FEDC3995BFA33B7662668F97EECCAE6BDB92EFEC555C8"
"util/shell/run_mini1_scan.sh","6929E4DB587322FADE02F57FC055CE44F85D60A5F72919F62B5CCBA203CC2A1A"
"workloads/cjpeg-rose7-preset/cjpeg-rose7-preset.c","B2DA079C4CEE80069A7269B354162A5B6F232DA074C523D1DA5E151A5BD81DA3"
"workloads/cjpeg-rose7-preset/cjpeg-rose7-preset.opt","71F831101C699B7613AD8CF0C4C08C511383805F3A055840A9FC8BA9CC2B8BB2"
"workloads/cjpeg-rose7-preset/Makefile","659CB79052A16C6805B102A9724754A3209AAF407B710EB36A355B050FA4D84F"
"workloads/core/core.c","D3F1499B0AD9264695EB568FDE648EDA1D20DCC66E4DD673D9A7F6FA3968F14B"
"workloads/core/core.opt","71F831101C699B7613AD8CF0C4C08C511383805F3A055840A9FC8BA9CC2B8BB2"
"workloads/core/Makefile","73D9466A83167E1F69A5130AFE09EFE3D5022D1CE811754B35ADFEED04BDB598"
"workloads/linear_alg-mid-100x100-sp/jni/linear_alg-mid-100x100-sp.c","706525A65BB116F89E4D80F4061BA65A2698AF2678BA0AB89BB7C81EAE868106"
"workloads/linear_alg-mid-100x100-sp/linear_alg-mid-100x100-sp.c","1E501B6499FE581719B5826D40500E6ECF1488C2E37C881D30517631DAD654D0"
"workloads/linear_alg-mid-100x100-sp/linear_alg-mid-100x100-sp.opt","71F831101C699B7613AD8CF0C4C08C511383805F3A055840A9FC8BA9CC2B8BB2"
"workloads/linear_alg-mid-100x100-sp/Makefile","8AC57A6110C99A9ED1B49C198F9C48490878D0E3A9536EDBB8418325D3D19D6A"
"workloads/loops-all-mid-10k-sp/jni/loops-all-mid-10k-sp.c","2BE225E22F803E455FC2932306AFBFDFD6B4551297606DA90C8E4C76C25ADB97"
"workloads/loops-all-mid-10k-sp/loops-all-mid-10k-sp.c","8B100E366A431E3A3959A514D6CEEC999CFE875E906E2EA18186EA9A6A8DE385"
"workloads/loops-all-mid-10k-sp/loops-all-mid-10k-sp.opt","71F831101C699B7613AD8CF0C4C08C511383805F3A055840A9FC8BA9CC2B8BB2"
"workloads/loops-all-mid-10k-sp/Makefile","538D20661986844EA886748410208DC168D06CAA343F2FA3A20096D301D05BA3"
"workloads/nnet_test/jni/nnet_test.c","93AC289AF15D2C15EDFF20A33F97891B9AF87BB6FA6BF045B48C810B3C81222A"
"workloads/nnet_test/Makefile","4AD5CDA654533967BC6195063DA8181ABDFFFD16068CE9EA5A938799BE71E257"
"workloads/nnet_test/nnet_test.c","0BA0F7D4FC7167F126B1A383098250B09C21FB67838346CED822FD5C7AAB82A3"
"workloads/nnet_test/nnet_test.opt","71F831101C699B7613AD8CF0C4C08C511383805F3A055840A9FC8BA9CC2B8BB2"
"workloads/parser-125k/Makefile","27C4678CCD0CB3B75ED80D82EF5D59DB1A021198121889B729E5A059E0DB98B1"
"workloads/parser-125k/parser-125k.c","5D13FC7DCA0D517710FB9D4FB963F08619119F5CCD9FB1C2B0F0CD8843851C00"
"workloads/parser-125k/parser-125k.opt","71F831101C699B7613AD8CF0C4C08C511383805F3A055840A9FC8BA9CC2B8BB2"
"workloads/parser-125k/parser-500k.c","0F1063AC313146B646E807A3530BBFB50A0AAE2528D89DFD73629F4208350B52"
"workloads/parser-125k/parser-500k.opt","71F831101C699B7613AD8CF0C4C08C511383805F3A055840A9FC8BA9CC2B8BB2"
"workloads/radix2-big-64k/jni/radix2-big-64k.c","1EB2EEB7D8419A25828AC681BDFA3A692DD876BDA75BEADA41A1EF98011BFB01"
"workloads/radix2-big-64k/Makefile","38CFD03E3D1BAED08B3E45119808E41CAEEC7B75CF99309F3564753678DBE451"
"workloads/radix2-big-64k/radix2-big-64k.c","4384E00EACF0F8AB96E7AF19323ACF192995EA28194F26C7C8456F90D2539E03"
"workloads/radix2-big-64k/radix2-big-64k.opt","71F831101C699B7613AD8CF0C4C08C511383805F3A055840A9FC8BA9CC2B8BB2"
"workloads/sets/workload-defs.ande","8086A0147D0769DB66834AE49F57AE47FEB8AC7EB467FBD4001E97A9558293E5"
"workloads/sets/workload-defs.autobench","8BF111EF9DAE635DBE1D2D2AB5EB8F8F97AE5E7656F082C3BBCBA91F6A781D28"
"workloads/sets/workload-defs.coremarkpro","3C975E144DA9EF0AB210932000A0C703F2A14236FA233CE51CE83FA93A3F0895"
"workloads/sets/workload-defs.darkmark","3E74EF72657EC39F9A5DCA72F78D5635D9B3E3D6A34D83CE929D59583B436427"
"workloads/sets/workload-defs.dp1","45BD7386DD0B922AEFE1D31548AA5D769F3E8F47091FADE7F18102F69BF1875C"
"workloads/sets/workload-defs.multibench","04D8BA8D6C3742AB7576A55D48B54F1FDE3E254957D22668552ACE82E3419E50"
"workloads/sets/workload-defs.multibench_ex","90AFAD37D8CDD34A5BC67076227D09B4D85F43DD314DA457AB7B615AA6CEF4C3"
"workloads/sets/workload-defs.rc1","A949703DE38B4ED4DFA25AE6AD504F3A1BDFF7DD5E13F3CC30EFA564F62E8E37"
"workloads/sets/workload-defs.sp1","41FF329647133C51BC40F0629A3E43003696AB14F00C3EF26281B0E3B525B01C"
"workloads/sets/workload-defs.sync1","C522F7A3376DC193055B0A8E4C19BFC4BFAF9993791CE6811E7B0EE8317BDA5D"
"workloads/sets/workload-joins.fpmark","B28765A5169EA887C0688231E21669B7E8D4FEB0D95AE1328865BCD851449B1F"
"workloads/sha-test/jni/sha-test.c","3722CD41A27897AEEF6EAC3312C028F0A8329C5FB8BC88EFC1CDD810669B70C7"
"workloads/sha-test/Makefile","871BD5D369A7920247159889F5BC7AD8B938908D35C9A26102CB5D19D5FAE61C"
"workloads/sha-test/sha-test.c","4E5E47C8DE63F32E6C86E4194304B8CA1A1FB3621652A2E037C78A4287339AF4"
"workloads/sha-test/sha-test.opt","71F831101C699B7613AD8CF0C4C08C511383805F3A055840A9FC8BA9CC2B8BB2"
"workloads/zip-test/jni/zip-test.c","3EBF95EA7B8D9EE73AAB245DAD388ED18B6378F382F6A0DA22A7AFA4177343A4"
"workloads/zip-test/Makefile","1CE8463C178A8C17C6395C6CD64DC20CA72C4997A6932F90572A73AF5951E981"
"workloads/zip-test/zip-test.c","260E4618D41C8BB7697287BE314B2A5105D1CE4D329A86FE60CE07B3FDB8D91E"
"workloads/zip-test/zip-test.opt","71F831101C699B7613AD8CF0C4C08C511383805F3A055840A9FC8BA9CC2B8BB2"
